_EVENT_,_MFGR_,_SUPPRESSOR_,_CAL_,_CART_,ML,ML,ML,ML,ML,ML,SE,SE,SE,SE,SE,SE,225,225,225,225,225,225,
_EVENT_,_MFGR_,_SUPPRESSOR_,_CAL_,_CART_,PkPr,dB,dB(A),Im-Pa,Im-dB,Pk Leq,PkPr,dB,dB(A),Im-Pa,Im-dB,Pk Leq,PkPr,dB,dB(A),Im-Pa,Im-dB,Pk Leq,shots,weight,len,maxdia
Day1,AAC,"Ranger 5",".223","5.56",290.93,143.26,135.14,43.94,126.84,123.44,435.46,146.76,138.81,39.22,125.85,127.19,110.87,134.88,131.74,16.18,118.16,117.88,5,21.8,7.034,1.5
Day1,AAC,"Ranger 5 Mini",".223","5.56",477.47,147.56,139.76,89.70,133.04,127.59,473.72,147.49,138.05,63.11,129.98,127.29,142.17,137.04,131.28,32.46,124.21,119.05,5,19.39,6.355,1.5
Day1,AB,"A10",".223","5.56",166.38,138.40,132.70,14.03,116.92,118.07,473.04,147.48,140.27,48.23,127.65,129.02,97.74,133.78,131.27,12.06,115.60,117.71,4,12.01,7.257,1.62
Day2,Allen Engineering,"AEM5",".223","5.56",289.98,143.23,134.90,27.40,122.74,122.86,492.26,147.82,139.87,49.60,127.89,128.72,126.65,136.03,132.49,16.31,118.23,118.12,5,21,8.8,1.5
Day1,Bare Muzzle,"BAREMUZZLE556",".223","5.56",6755.40,170.57,167.33,799.93,152.04,149.32,3589.30,165.08,161.50,791.73,151.95,148.74,1720.67,158.69,155.01,337.80,144.55,139.49,5,XX,XX,XX
Day2,CGS,"Helios DT",".223","5.56",513.38,148.19,141.56,71.25,131.03,127.88,517.09,148.25,139.06,66.04,130.38,127.65,147.14,137.33,132.38,27.93,122.90,119.21,5,10.67,6.388,1.75
Day2,Daniel Defense,"Soundguard 5.56",".223","5.56",544.29,148.70,143.70,114.39,135.15,128.46,699.58,150.88,141.97,90.61,133.12,128.28,245.18,141.77,135.10,43.20,126.69,122.21,5,23.89,7.215,1.75
Day1,Dead Air,"Sierra 5",".223","5.56",462.26,147.28,141.56,48.18,127.64,128.65,512.90,148.18,142.13,68.62,130.71,131.43,167.19,138.44,132.00,20.67,120.29,120.35,5,19.97,6.44,1.55
Day2,Energetic Armament,"ARX",".223","5.56",794.37,151.98,147.09,143.03,137.09,131.44,452.32,147.09,139.47,79.19,131.95,129.82,203.36,140.14,134.83,46.54,127.34,123.00,5,9.14,5.775,1.54
Day1,Energetic Armament,"FEROX 5.56",".223","5.56",756.24,151.55,144.07,129.77,136.24,131.43,581.37,149.27,140.18,79.09,131.94,128.50,214.81,140.62,133.37,41.62,126.37,120.78,5,12.13,6.053,1.615
Day1,Griffin Armament,"A2S-QD",".223","5.56",415.36,146.35,139.90,67.14,130.52,126.94,458.46,147.21,138.51,49.78,127.92,127.10,144.20,137.16,130.16,24.17,121.65,118.69,5,22.21,7,1.5
Day1,Griffin Armament,"DL5",".223","5.56",478.77,147.58,138.52,51.41,128.20,126.37,558.56,148.92,141.12,53.66,128.57,130.46,141.45,136.99,132.19,21.82,120.76,119.43,5,15.16,6.485,1.5
Day1,Griffin Armament,"HRT 5.56",".223","5.56",403.66,146.10,137.00,56.22,128.98,126.26,483.39,147.67,140.15,44.53,126.95,128.70,129.92,136.25,131.35,18.76,119.45,118.43,5,18.01,6.125,1.53
Day3,Griffin Armament,"M4SDK",".223","5.56",480.99,147.62,142.59,59.53,129.47,127.76,455.29,147.15,138.08,53.18,128.49,127.76,145.04,137.21,131.35,23.19,121.29,119.25,5,19.06,5.065,1.515
Day1,Griffin Armament,"RECCE 5K 556",".223","5.56",463.86,147.31,141.60,93.21,133.37,127.51,454.69,147.13,138.77,71.03,131.01,127.33,161.57,138.15,131.05,34.49,124.73,119.31,5,16.89,5.759,1.52
Day1,Huxwrx,"Flow 556K",".223","5.56",932.21,153.37,149.49,126.97,136.05,132.54,473.62,147.49,141.96,90.52,133.11,128.75,192.99,139.69,135.45,40.37,126.10,121.25,5,15.24,5.75,1.6
Day3,JK Armament,"SBRX Full 5.56 stack",".223","5.56",261.74,142.34,132.52,26.28,122.37,121.62,472.96,147.48,141.97,54.70,128.74,130.24,102.13,134.16,130.91,15.72,117.91,119.18,5,13.22,6.165,1.55
Day2,Otter Creek Labs,"Polonium",".223","5.56",316.80,144.00,135.42,45.14,127.07,123.45,511.10,148.15,139.73,42.21,126.49,127.48,107.01,134.57,128.98,17.17,118.68,117.35,5,15.78,6.365,1.61
Day2,Otter Creek Labs,"Polonium K",".223","5.56",649.63,150.23,143.48,119.29,135.51,129.29,524.51,148.37,138.09,65.95,130.36,128.35,166.22,138.39,133.90,35.44,124.97,120.34,5,13.71,5.32,1.61
Day1,Radical Defense,"CS5",".223","5.56",402.75,146.08,138.89,60.61,129.63,125.49,536.06,148.56,140.13,59.07,129.41,127.32,142.81,137.07,129.86,23.34,121.34,117.95,5,18.03,5.557,1.78
Day1,Radical Defense,"LS5",".223","5.56",159.35,138.03,131.62,12.23,115.73,116.38,360.48,145.12,137.59,39.87,125.99,125.61,86.59,132.73,129.61,11.67,115.32,114.72,5,25.2,7.805,1.75
Day1,Radical Defense,"LS5 Run2",".223","5.56",196.44,139.84,131.78,19.80,119.91,118.79,533.06,148.51,136.69,43.54,126.76,126.12,97.47,133.76,129.85,14.63,117.29,115.62,5,25.2,7.805,1.75
Day1,Rugged,"Razor 5",".223","5.56",495.74,147.88,141.86,121.75,135.69,128.68,412.15,146.28,140.28,50.99,128.13,128.37,142.14,137.03,132.41,36.46,125.22,120.35,5,16.45,6.72,1.485
Day2,Siege,"ROC 5.56",".223","5.56",465.25,147.33,141.17,61.38,129.74,126.45,440.46,146.86,138.33,49.26,127.83,126.91,132.20,136.40,132.68,23.82,121.52,118.53,4,17.95,7.675,1.495
Day1,Sig,"SLX 5.56",".223","5.56",395.54,145.92,141.15,59.83,129.52,126.35,466.30,147.35,139.43,54.46,128.70,126.65,129.07,136.20,130.45,22.52,121.03,118.40,5,22.58,7.645,1.67
Day1,SilencerCo,"Velos LBP",".223","5.56",398.04,145.98,142.91,57.63,129.19,125.81,476.98,147.55,139.25,54.89,128.77,126.16,119.25,135.51,130.13,22.33,120.96,117.12,5,23.13,7.01,1.735
Day1,Surefire,"Socom 5.56-rc2",".223","5.56",392.10,145.85,138.97,47.56,127.52,125.54,484.90,147.69,139.21,51.32,128.19,127.24,136.72,136.70,130.96,20.04,120.02,119.48,5,19.99,6.465,1.5
Day1,YHM,"Fat Cat",".223","5.56",512.15,148.17,139.06,66.12,130.39,127.91,489.00,147.77,139.66,63.91,130.09,128.39,146.08,137.27,130.40,24.87,121.89,119.41,5,14.44,4.533,1.94
Day1,YHM,"Fat Cat on Phantom",".223","5.56",462.66,147.28,138.74,58.19,129.28,127.13,619.41,149.82,140.53,62.12,129.84,129.50,140.83,136.95,131.02,23.19,121.28,119.19,5,19.69,5.57,1.94
Day1,YHM,"Turbo K-RB",".223","5.56",661.06,150.38,144.60,120.19,135.58,130.87,525.04,148.38,140.27,81.04,132.15,129.07,227.91,141.13,131.83,42.15,126.48,121.65,5,15.74,5.96,1.565
Day1,YHM,"Turbo T3",".223","5.56",537.09,148.58,139.85,76.67,131.67,128.39,502.62,148.00,138.88,58.64,129.34,128.17,163.95,138.27,131.24,28.66,123.13,119.90,5,17.54,6.9,1.565
Day3,Allen Engineering,"AEM5",".223","5.56-MK12",234.16,141.37,132.81,22.18,120.90,120.42,383.35,145.65,138.26,23.60,121.44,124.33,135.32,136.61,130.64,16.62,118.39,117.93,5,21,8.8,1.5
Day2,AAC,"Jager 30",".30",".308",475.95,147.53,141.30,76.11,131.61,128.10,96.03,133.63,129.22,21.87,120.78,118.70,118.90,135.48,129.68,18.65,119.39,118.19,5,12.21,9.282,1.47
Day2,AAC,"MK13-SD",".30",".308",415.60,146.35,139.26,54.93,128.78,126.32,67.13,130.52,126.12,14.14,116.99,115.00,109.44,134.76,127.87,12.84,116.15,116.42,5,18.06,9.51,1.5
Day1,AAC,"Ranger 7",".30",".308",409.27,146.22,139.15,49.68,127.90,127.15,116.17,135.28,128.37,15.97,118.04,118.02,110.38,134.84,126.90,12.39,115.84,116.19,5,23.62,7.958,1.495
Day2,AAC,"Ranger 7 Mini",".30",".308",759.25,151.59,146.91,117.08,135.35,132.03,145.22,137.22,132.23,35.86,125.07,122.17,160.63,138.10,132.18,27.04,122.62,119.86,5,20.42,6.615,1.5
Day1,AB,"Raptor 10",".30",".308",213.72,140.58,132.76,21.47,120.62,121.45,61.51,129.76,123.14,4.68,107.38,113.09,73.34,131.29,123.43,5.75,109.18,112.58,4,15.22,10.5,1.625
Day3,Abel,"Theorem",".30",".308",441.83,146.88,141.28,46.60,127.35,127.19,92.90,133.34,127.78,14.23,117.04,116.54,98.20,133.82,128.31,11.57,115.25,116.89,5,13.58,7.162,1.75
Day3,Abel,"Theorem L",".30",".308",237.69,141.50,134.36,14.60,117.27,121.44,52.71,128.42,122.23,4.54,107.12,112.01,57.01,129.10,121.61,3.54,104.96,111.56,5,15.93,8.79,1.75
Day3,Abel,"Theorem S",".30",".308",606.05,149.63,142.19,73.88,131.35,129.39,133.35,136.48,130.04,23.02,121.22,119.82,129.69,136.24,130.12,19.77,119.90,118.90,5,10.56,5.81,1.75
Day3,Abel,"Theorem Vented Cap",".30",".308",613.91,149.74,141.67,73.12,131.26,127.75,125.60,135.96,131.52,23.98,121.57,119.68,133.68,136.50,130.61,16.91,118.54,118.95,5,13.58,7.162,1.75
Day1,Aero Precision,"Lahar 30",".30",".308",488.21,147.75,139.17,51.10,128.15,127.97,172.40,138.71,134.12,10.98,114.79,122.58,157.71,137.94,131.13,10.66,114.54,120.02,5,16.74,6.11,1.585
Day1,Aero Precision,"Lahar 30L",".30",".308",348.59,144.83,135.93,27.41,122.74,124.80,104.84,134.39,130.05,3.98,105.99,119.08,104.66,134.37,127.03,5.07,108.07,116.64,5,21.03,7.635,1.585
Day3,Aero Precision,"Lahar-30K",".30",".308",855.48,152.62,145.71,122.47,135.74,132.99,163.76,138.26,134.68,29.08,123.25,124.19,179.78,139.07,134.70,24.53,121.77,122.50,5,14.11,5.09,1.585
Day1,Bare Muzzle,"BAREMUZZLE308",".30",".308",6220.45,169.86,166.39,758.78,151.58,148.16,1846.97,159.31,155.58,247.82,141.86,141.52,1530.46,157.68,153.81,169.05,138.54,136.61,5,XX,XX,XX
Day1,CGS,"Hyperion",".30",".308",221.95,140.90,133.34,16.98,118.58,121.46,88.38,132.91,125.66,3.71,105.37,114.56,68.63,130.71,122.78,4.06,106.14,112.46,5,15.73,9.625,1.75
Day1,CGS,"Hyperion K",".30",".308",540.23,148.63,142.71,68.56,130.70,129.56,160.14,138.07,131.56,22.56,121.05,120.86,141.81,137.01,129.57,17.02,118.60,118.35,5,10.46,6.415,1.75
Day2,Daniel Defense,"Soundguard",".30",".308",643.01,150.14,143.48,128.43,136.15,130.02,315.55,143.96,135.57,66.59,130.45,123.96,252.25,142.02,134.80,41.97,126.44,122.25,5,23.99,7.217,1.748
Day2,Daniel Defense,"Soundguard Ti",".30",".308",332.65,144.42,137.31,61.58,129.77,125.01,232.57,141.31,131.86,35.10,124.88,120.16,177.14,138.95,132.41,23.68,121.47,120.47,5,15.02,7.93,1.745
Day2,Dead Air,"Nomad Keymo",".30",".308",249.93,141.94,135.10,15.99,118.06,121.97,52.76,128.43,123.93,4.90,107.77,112.21,62.07,129.84,123.48,4.25,106.54,112.39,5,20.24,7.75,1.633
Day2,Dead Air,"Nomad LT",".30",".308",166.46,138.41,133.24,6.00,109.54,118.17,66.40,130.42,124.90,3.67,105.27,112.40,54.18,128.66,121.84,1.55,97.77,109.82,5,18.19,9.555,1.64
Day2,Dead Air,"Nomad LT E-Brake .375 endcap",".30",".308",195.42,139.80,133.85,7.62,111.62,117.19,81.74,132.23,124.42,3.81,105.59,114.36,106.67,134.54,124.31,2.63,102.37,115.25,5,19.79,10.755,1.64
Day2,Dead Air,"Sandman S",".30",".308",495.06,147.87,141.45,69.29,130.79,129.43,107.53,134.61,130.12,20.36,120.16,118.81,122.42,135.74,129.14,16.54,118.35,118.22,5,20.58,7.053,1.49
Day2,Dead Air,"Wolverine Keymo to Short FH",".30",".308",321.03,144.11,136.37,37.29,125.41,125.68,61.08,129.70,124.73,8.65,112.72,114.94,83.81,132.44,126.45,8.23,112.29,115.82,5,29.87,8.65,1.965
Day2,Diligent Defense,"Enticer L Ti",".30",".308",227.62,141.12,132.38,13.37,116.50,120.67,55.21,128.82,124.83,3.92,105.85,113.30,76.94,131.70,123.28,3.00,103.52,113.29,5,10.93,8.555,1.61
Day1,Diligent Defense,"Enticer S 7.62",".30",".308",257.67,142.20,133.64,34.07,124.63,122.23,104.25,134.34,128.09,8.68,112.75,118.51,87.89,132.86,126.37,7.35,111.31,115.84,5,9.52,7.175,1.615
Day1,Energetic Armament,"LUX 7.62",".30",".308",447.50,147.00,139.42,54.28,128.67,128.56,84.57,132.52,127.57,10.62,114.50,116.65,121.88,135.70,128.55,9.87,113.86,117.39,5,9.89,7.805,1.54
Day1,Energetic Armament,"Peak 30",".30",".308",458.24,147.20,140.07,63.90,130.09,128.93,113.49,135.08,129.99,20.15,120.06,119.47,108.28,134.67,129.52,16.73,118.45,118.66,5,11.89,6.34,1.54
Day2,Energetic Armament,"Vox S",".30",".308",569.23,149.09,142.82,73.16,131.26,130.00,116.04,135.27,130.47,22.93,121.19,119.75,130.98,136.32,130.85,18.14,119.15,119.11,5,12.24,6.282,1.54
Day3,Griffin Armament,"Explorr 30",".30",".308",586.29,149.34,140.36,90.21,133.08,129.09,137.72,136.76,130.80,27.60,122.80,119.52,130.25,136.27,129.01,21.73,120.72,118.42,5,14.4,6.34,1.5
Day3,Griffin Armament,"HRT 7.62",".30",".308",488.65,147.76,139.31,68.95,130.75,127.70,114.86,135.18,129.91,17.53,118.86,118.19,137.72,136.76,128.65,16.03,118.08,117.32,5,21.08,7.7,1.5
Day1,Gunwerks,"6ix",".30",".308",731.74,151.27,144.07,100.17,133.99,131.52,163.37,138.24,132.23,26.74,122.52,122.12,164.65,138.31,131.32,22.31,120.95,121.01,5,12.55,6.16,1.49
Day1,Gunwerks,"8ight",".30",".308",434.00,146.73,138.50,36.29,125.18,126.12,97.48,133.76,126.25,9.09,113.15,116.10,112.53,135.00,127.03,8.75,112.82,116.28,5,18.59,8.19,1.74
Day1,Huxwrx,"Flow 762 Ti",".30",".308",555.45,148.87,142.00,112.94,135.04,127.93,217.10,140.71,132.62,37.75,125.52,121.63,156.65,137.88,129.54,29.62,123.41,117.96,5,14.91,6.9,1.8
Day1,Huxwrx,"HX-QD 7.62",".30",".308",697.80,150.85,144.40,129.27,136.21,130.03,177.54,138.97,133.61,41.62,126.37,121.86,167.64,138.47,130.91,32.47,124.21,119.28,5,19.4,7.45,1.62
Day3,JK Armament,"RCX 30 Full",".30",".308",373.44,145.42,137.47,49.88,127.94,126.04,79.93,132.03,127.26,13.78,116.76,116.71,90.71,133.13,126.77,13.36,116.49,116.47,5,13.24,8.15,1.55
Day3,JK Armament,"SBRX 30 Full",".30",".308",549.35,148.78,141.22,92.45,133.30,129.06,116.38,135.30,129.91,29.11,123.26,119.86,129.25,136.21,129.35,23.49,121.40,119.32,4,13.22,6.165,1.55
Day1,Nosler,"SR-30 Ti",".30",".308",390.43,145.81,138.18,43.27,126.70,126.07,101.65,134.12,128.29,12.00,115.56,118.11,79.79,132.02,126.25,10.68,114.55,116.21,5,13.16,8.48,1.74
Day2,Otter Creek Labs,"Hydrogen K",".30",".308",589.30,149.39,143.44,90.23,133.09,130.23,123.99,135.85,131.28,27.59,122.79,120.28,131.59,136.36,131.54,20.08,120.03,119.63,5,13.71,5.32,1.61
Day2,Otter Creek Labs,"Hydrogen L",".30",".308",163.23,138.24,131.39,8.85,112.92,118.30,45.22,127.09,121.66,3.25,104.21,109.88,49.13,127.81,120.56,1.48,97.36,108.92,5,13.93,9.365,1.61
Day1,Otter Creek Labs,"Hydrogen S 7.62",".30",".308",270.05,142.61,135.08,27.08,122.63,123.51,73.08,131.25,125.35,6.52,110.26,115.13,76.12,131.61,124.43,6.95,110.82,113.93,5,11.09,7.47,1.61
Day1,Q,"Thunder Chicken",".30",".308",369.18,145.32,139.68,28.16,122.97,123.93,117.73,135.40,130.35,5.01,107.97,115.61,89.48,133.01,128.51,6.08,109.65,114.41,5,16.51,8.215,1.74
Day1,Q,"Trash Panda",".30",".308",458.55,147.21,141.52,48.88,127.76,127.24,142.25,137.04,131.49,12.80,116.13,119.16,95.50,133.58,128.10,11.96,115.53,117.38,5,13.84,7.04,1.74
Day1,Radical Defense,"LS3",".30",".308",272.38,142.68,134.81,14.36,117.12,121.09,67.03,130.50,123.70,3.17,103.99,111.93,49.41,127.85,122.09,2.94,103.35,110.70,5,22.71,8.24,1.6
Day1,Radical Defense,"SASS",".30",".308",395.92,145.93,140.44,25.75,122.19,126.81,170.87,138.63,132.49,8.07,112.11,118.38,103.20,134.25,128.22,6.28,109.94,115.95,5,27.04,8.505,1.75
Day1,Resilient,"Jolene",".30",".308",180.17,139.09,131.82,15.41,117.73,119.54,62.52,129.90,123.50,3.82,105.61,112.65,55.56,128.87,121.67,3.27,104.27,110.92,5,10.71,9.087,1.61
Day2,Rugged,"Micro 30 Long",".30",".308",668.47,150.48,144.72,92.87,133.34,131.02,119.30,135.51,131.07,33.87,124.58,121.17,145.71,137.25,132.49,27.44,122.75,121.09,5,18.07,6.735,1.495
Day1,Rugged,"Radiant",".30",".308",456.22,147.16,139.80,62.27,129.86,127.67,104.44,134.36,129.69,18.32,119.24,119.02,108.09,134.65,129.04,15.98,118.05,117.90,5,15.71,7.89,1.53
Day2,Siege,"Strata 7.62",".30",".308",619.21,149.82,144.53,95.83,133.61,130.24,167.56,138.46,133.41,23.53,121.41,121.93,141.08,136.97,130.33,21.60,120.67,118.78,5,17.58,7.68,1.495
Day1,Sig,"SLH 7.62",".30",".308",548.11,148.76,142.20,60.00,129.54,127.45,148.85,137.43,130.42,13.49,116.58,120.19,99.56,133.94,127.57,12.52,115.93,117.26,5,24.75,7.827,1.67
Day1,Sig,"SLX 7.62",".30",".308",580.43,149.25,144.27,77.51,131.77,129.85,175.32,138.86,135.90,22.06,120.85,124.51,177.60,138.97,133.95,17.35,118.76,122.31,5,22.56,7.74,1.67
Day1,SilencerCo,"Omega 30 Anchor",".30",".308",299.15,143.50,138.70,56.50,129.02,123.39,264.03,142.41,134.56,52.45,128.37,121.39,131.16,136.34,130.60,26.36,122.40,118.64,5,19.34,8,1.565
Day3,SilencerCo,"Omega 300 flat cap",".30",".308",388.73,145.77,139.66,45.80,127.20,125.90,77.75,131.79,125.92,13.48,116.58,115.92,85.48,132.62,126.96,12.91,116.20,116.05,5,19.27,7.1,1.565
Day1,Surefire,"Socom 7.62-rc2",".30",".308",607.69,149.65,143.56,65.17,130.26,128.27,120.65,135.61,132.02,16.25,118.20,120.98,132.17,136.40,131.71,13.33,116.47,119.24,5,23.76,8.43,1.5
Day3,TBAC,"Dominus CB",".30",".308",364.36,145.21,138.77,41.56,126.35,127.55,54.11,128.64,125.60,6.89,110.75,115.70,89.10,132.98,126.91,8.43,112.50,117.02,5,11.85,6.27,1.8
Day1,TBAC,"Magnus CB",".30",".308",177.02,138.94,132.17,9.00,113.06,117.95,70.49,130.94,123.91,3.08,103.76,110.30,48.19,127.64,120.11,1.36,96.66,109.30,5,16.76,9,1.8
Day1,TBAC,"Ultra 5",".30",".308",687.92,150.73,144.60,135.91,136.64,132.31,180.24,139.10,133.47,41.60,126.36,123.48,179.80,139.08,132.76,33.36,124.45,121.56,5,8.03,5.015,1.45
Day1,TBAC,"Ultra 7",".30",".308",435.27,146.75,139.33,53.21,128.50,127.77,90.28,133.09,129.10,14.28,117.08,117.74,103.90,134.31,128.55,12.38,115.83,116.91,5,10.06,7.01,1.45
Day1,TBAC,"Ultra 9",".30",".308",239.84,141.58,133.06,19.06,119.58,122.27,76.99,131.71,125.28,4.42,106.88,114.82,73.15,131.26,123.41,4.91,107.80,112.70,5,11.96,9.01,1.45
Day1,YHM,"Resonator K",".30",".308",1308.11,156.31,151.12,159.76,138.05,136.32,262.86,142.37,136.26,38.24,125.63,125.73,218.91,140.78,134.85,32.06,124.10,123.31,5,16.1,6.182,1.565
Day1,YHM,"Resonator R2",".30",".308",314.06,143.92,136.23,23.54,121.42,124.48,99.59,133.94,127.88,5.86,109.34,117.11,96.97,133.71,125.71,5.51,108.80,115.37,5,19.86,8.28,1.565
Day3,YHM,"Resonator R2 Phantom",".30",".308",300.71,143.54,135.87,24.83,121.88,124.92,84.16,132.48,125.37,6.02,109.57,115.09,90.72,133.13,125.86,5.65,109.01,115.84,5,25.11,9.32,1.565
Day2,AAC,"Ranger 7",".30","5.56",436.35,146.78,139.24,60.64,129.63,126.36,404.98,146.13,135.66,46.43,127.31,125.40,141.34,136.98,133.82,24.24,121.67,118.88,5,23.62,7.958,1.495
Day2,AAC,"Ranger 7 Mini",".30","5.56",1038.00,154.30,149.95,165.25,138.34,133.45,465.51,147.34,140.39,94.61,133.50,128.69,238.81,141.54,135.57,55.51,128.87,122.67,5,20.42,6.615,1.5
Day3,Abel,"Theorem 30 30 endcap",".30","5.56",551.35,148.81,142.85,51.06,128.14,127.72,458.51,147.21,138.87,57.57,129.18,128.73,139.53,136.87,131.73,22.73,121.11,119.37,5,13.58,7.162,1.75
Day3,Abel,"Theorem L 30 endcap",".30","5.56",266.77,142.50,134.55,20.51,120.22,121.41,377.31,145.51,138.41,39.08,125.82,127.73,127.37,136.08,133.01,14.83,117.40,117.97,5,15.93,8.79,1.75
Day3,Abel,"Theorem S",".30","5.56",652.99,150.28,144.35,114.26,135.14,129.89,388.65,145.77,138.62,59.44,129.46,128.15,174.56,138.82,132.95,40.65,126.16,121.49,5,10.56,5.81,1.75
Day1,Aero Precision,"Lahar 30",".30","5.56",399.07,146.00,138.41,45.49,127.14,126.23,426.85,146.58,138.64,42.06,126.46,127.93,136.06,136.65,129.35,14.96,117.48,119.49,5,16.74,6.11,1.585
Day1,Aero Precision,"Lahar 30L",".30","5.56",287.80,143.16,134.77,23.09,121.25,123.11,448.24,147.01,138.50,39.65,125.94,128.27,125.78,135.97,132.15,11.38,115.11,119.12,5,21.03,7.635,1.585
Day3,Aero Precision,"Lahar-30K",".30","5.56",1007.15,154.04,150.71,216.73,140.70,133.83,477.06,147.55,141.06,95.84,133.61,129.36,230.06,141.22,135.77,60.15,129.56,123.27,5,14.11,5.09,1.585
Day3,CGS,"Hyperion",".30","5.56",204.22,140.18,131.77,19.16,119.63,119.87,356.66,145.02,137.92,38.20,125.62,126.23,88.28,132.90,130.28,11.89,115.48,116.53,5,15.73,9.625,1.75
Day3,CGS,"Hyperion K",".30","5.56",711.05,151.02,144.83,82.04,132.26,129.61,466.98,147.37,138.33,60.38,129.60,126.60,154.58,137.76,131.18,29.39,123.34,119.31,5,10.46,6.415,1.75
Day2,Dead Air,"Nomad Keymo",".30","5.56",296.00,143.41,136.17,20.36,120.16,122.14,417.83,146.40,140.81,48.43,127.68,128.13,110.76,134.87,130.54,14.55,117.24,117.39,5,20.24,7.75,1.633
Day2,Dead Air,"Nomad LT",".30","5.56",160.65,138.10,132.81,8.83,112.90,117.42,448.14,147.01,138.77,44.87,127.02,127.82,111.12,134.90,132.40,12.59,115.98,116.94,5,18.19,9.555,1.64
Day2,Dead Air,"Sandman S",".30","5.56",559.34,148.93,140.16,102.40,134.19,129.34,490.85,147.80,138.84,57.96,129.24,128.13,154.75,137.77,133.26,31.65,123.99,120.76,5,20.58,7.053,1.49
Day2,Dead Air,"Wolverine Keymo",".30","5.56",324.81,144.21,138.63,42.12,126.47,125.79,377.40,145.52,139.74,41.92,126.43,128.43,111.79,134.95,130.09,16.12,118.13,119.01,5,29.87,8.65,1.965
Day2,Diligent Defense,"Enticer",".30","5.56",327.16,144.27,134.35,33.36,124.44,123.32,427.95,146.61,138.01,42.33,126.51,128.27,112.10,134.97,131.20,13.52,116.60,118.74,5,9.52,7.175,1.615
Day2,Diligent Defense,"Enticer L Ti",".30","5.56",200.31,140.01,130.27,14.89,117.44,119.44,482.48,147.65,139.31,53.10,128.48,129.45,101.11,134.08,131.23,12.40,115.85,117.93,5,10.93,8.555,1.61
Day1,Energetic Armament,"LUX 7.62",".30","5.56",372.19,145.39,138.55,40.21,126.07,125.62,462.83,147.29,139.07,45.29,127.10,128.77,131.00,136.32,130.75,15.20,117.62,119.00,5,9.89,7.805,1.54
Day2,Energetic Armament,"Peak 30",".30","5.56",449.09,147.03,140.57,68.50,130.69,128.08,467.56,147.38,138.61,43.86,126.82,127.98,146.72,137.31,131.60,23.94,121.56,119.72,5,11.89,6.34,1.54
Day2,Energetic Armament,"Vox S",".30","5.56",459.30,147.22,141.19,69.88,130.87,128.54,418.09,146.40,138.91,44.38,126.92,127.49,154.96,137.78,132.79,25.44,122.09,120.41,5,12.24,6.282,1.54
Day3,Griffin Armament,"Explorr 30",".30","5.56",537.64,148.59,141.27,102.32,134.18,128.70,424.26,146.53,137.24,50.74,128.09,126.31,152.79,137.66,133.81,31.24,123.87,119.99,5,14.4,6.34,1.5
Day2,Griffin Armament,"HRT 7.62",".30","5.56",450.50,147.05,138.51,70.13,130.90,126.48,417.32,146.39,136.43,40.92,126.22,126.70,113.59,135.09,130.03,19.74,119.89,118.74,5,21.08,7.7,1.5
Day2,Huxwrx,"Flow 7.62 Ti",".30","5.56",698.01,150.86,146.43,93.47,133.39,128.73,480.29,147.61,138.34,67.71,130.59,125.92,157.70,137.94,132.42,34.71,124.79,118.81,5,14.91,6.9,1.8
Day3,JK Armament,"RCX 30 Full 5.56 endcap",".30","5.56",260.55,142.30,135.52,46.91,127.40,123.31,417.20,146.39,140.33,39.07,125.82,128.88,121.74,135.69,133.11,18.70,119.42,118.97,5,13.24,8.15,1.55
Day3,JK Armament,"SBRX 30 Full 5.56 endcap",".30","5.56",451.82,147.08,138.79,81.40,132.19,126.29,474.57,147.51,137.41,51.21,128.17,128.05,138.00,136.78,130.38,28.43,123.06,119.28,5,13.22,6.165,1.55
Day3,JK Armament,"SBRX Full 30 endcap",".30","5.56",467.36,147.37,140.12,99.11,133.90,128.08,385.73,145.71,138.06,50.00,127.96,126.52,168.93,138.53,133.28,33.35,124.44,120.66,5,13.22,6.165,1.55
Day2,Otter Creek Labs,"Hydrogen K",".30","5.56",645.47,150.18,144.36,115.82,135.26,130.09,489.86,147.78,138.21,62.06,129.84,128.06,149.66,137.48,133.06,30.45,123.65,120.87,5,13.71,5.32,1.61
Day2,Otter Creek Labs,"Hydrogen L",".30","5.56",125.90,135.98,128.08,9.09,113.15,116.89,467.28,147.37,138.61,46.15,127.26,128.40,97.87,133.79,131.99,12.05,115.60,117.27,5,13.93,9.365,1.61
Day2,Otter Creek Labs,"Hydrogen S",".30","5.56",260.10,142.28,134.55,27.99,122.92,122.41,483.63,147.67,138.80,45.50,127.14,128.36,96.46,133.67,130.11,12.00,115.56,117.60,5,11.09,7.47,1.61
Day2,Resilient,"Jolene",".30","5.56",156.01,137.84,129.40,15.11,117.56,117.88,389.71,145.79,136.62,39.19,125.84,126.38,103.30,134.26,131.57,11.09,114.88,116.62,5,10.71,9.087,1.61
Day2,Siege,"Strata 7.62",".30","5.56",697.81,150.85,146.29,108.26,134.67,130.52,489.16,147.77,138.04,63.13,129.98,127.21,176.53,138.92,133.12,34.19,124.66,120.27,5,17.58,7.68,1.495
Day2,Sig,"SLH 7.62",".30","5.56",734.92,151.30,145.55,82.85,132.35,130.45,448.44,147.01,141.37,60.78,129.65,127.84,172.34,138.71,133.64,23.71,121.48,120.40,5,24.75,7.827,1.67
Day2,Sig,"SLX 7.62",".30","5.56",799.12,152.03,148.76,88.62,132.93,131.35,437.94,146.81,141.28,58.00,129.25,128.42,181.98,139.18,136.11,29.23,123.30,122.43,5,22.56,7.74,1.67
Day2,SilencerCo,"Omega 300 Anchor Brake",".30","5.56",278.99,142.89,136.07,64.07,130.11,123.76,473.27,147.48,139.00,65.01,130.24,127.60,155.30,137.80,131.90,28.44,123.06,119.23,5,19.34,8,1.565
Day3,SilencerCo,"Omega 300 flat cap",".30","5.56",386.39,145.72,137.43,52.39,128.36,125.25,428.13,146.61,137.36,43.07,126.66,127.18,101.57,134.11,131.31,17.39,118.78,118.41,5,19.27,7.1,1.565
Day2,Surefire,"Socom 7.62 RC2",".30","5.56",562.43,148.98,145.99,69.22,130.78,128.44,516.08,148.23,141.59,77.47,131.76,127.88,144.61,137.18,132.82,25.26,122.03,120.81,5,23.76,8.43,1.5
Day1,TBAC,"Dominus CB",".30","5.56",341.49,144.65,136.25,38.88,125.77,126.10,474.66,147.51,140.12,43.14,126.68,128.07,106.87,134.56,131.17,13.37,116.50,118.63,5,11.85,6.27,1.8
Day1,TBAC,"Dominus K SR",".30","5.56",995.71,153.94,148.62,172.44,138.71,133.73,577.17,149.21,141.20,115.69,135.25,129.65,236.80,141.47,135.72,60.53,129.62,123.20,5,15.28,5.465,1.8
Day2,TBAC,"Magnus CB",".30","5.56",131.96,136.39,129.33,9.15,113.21,116.46,470.89,147.44,138.13,40.71,126.17,127.76,98.37,133.84,130.69,11.88,115.47,116.50,5,16.76,9,1.8
Day2,TBAC,"Ultra 5",".30","5.56",664.87,150.43,142.65,121.45,135.67,130.74,442.51,146.90,139.10,65.91,130.36,127.57,165.33,138.35,133.36,35.41,124.96,121.14,5,8.03,5.015,1.45
Day3,TBAC,"Ultra 7",".30","5.56",335.02,144.48,137.04,44.24,126.89,125.38,369.04,145.32,139.28,40.46,126.12,128.42,118.20,135.43,131.63,16.33,118.24,119.13,5,10.06,7.01,1.45
Day2,TBAC,"Ultra 9",".30","5.56",203.46,140.15,133.16,18.21,119.19,120.70,391.74,145.84,139.03,41.81,126.40,127.88,110.82,134.87,132.32,12.55,115.95,117.57,5,11.96,9.01,1.45
Day1,YHM,"Resonator R2",".30","5.56",314.42,143.93,136.58,26.72,122.52,123.89,517.33,148.25,138.91,42.44,126.53,128.75,108.91,134.72,131.30,13.01,116.26,118.16,5,19.86,8.28,1.565
Day3,Allen Engineering,"AEM5 .30",".30","5.56-MK12",262.57,142.36,135.49,24.87,121.89,122.09,349.75,144.85,136.84,23.29,121.32,122.60,137.96,136.77,131.60,17.39,118.79,117.91,5,21,8.8,1.5
Day2,AAC,"Titan QD",".33",".338LM",652.91,150.28,145.45,74.89,131.47,131.52,106.72,134.54,131.22,19.12,119.61,119.93,137.31,136.73,132.05,20.84,120.36,120.74,5,22.4,10,1.85
Day2,CGS,"Hekate",".33",".338LM",367.45,145.28,137.37,35.56,125.00,126.75,70.74,130.97,128.24,6.30,109.96,116.92,113.15,135.05,127.67,7.40,111.37,117.11,5,18.05,10.85,1.75
Day2,TBAC,"338 Ultra",".33",".338LM",284.74,143.07,134.97,18.09,119.13,124.62,63.72,130.07,128.12,5.95,109.47,115.85,76.90,131.70,125.07,3.86,105.71,114.81,5,21.3,10.4,1.8
Day3,TBAC,"Magnus 375",".375","9mm-MP5K",51.82,128.27,122.88,6.29,109.95,109.37,341.11,144.64,137.90,22.18,120.90,123.37,49.80,127.92,122.86,4.38,106.81,110.22,5,18.4,9.5,1.8
Day3,TBAC,"Magnus 375",".375","9mmSTTH",52.54,128.39,124.16,1.98,99.92,109.04,121.32,135.66,132.59,4.48,107.01,118.29,33.75,124.54,121.84,1.20,95.58,106.81,5,18.4,9.5,1.8
Day3,TBAC,"Magnus 375",".375","9mmSTTH-MP5K",27.61,122.80,118.49,4.71,107.44,107.11,220.12,140.83,135.06,14.85,117.41,121.24,38.25,125.63,121.20,2.93,103.31,108.23,5,18.4,9.5,1.8
Day2,Dead Air,"Primal Keymo",".45",".308",526.83,148.41,141.90,46.53,127.33,129.46,104.22,134.34,130.43,12.02,115.58,119.73,132.84,136.45,130.06,10.73,114.60,119.53,5,24.08,8.81,1.62
Day2,SilencerCo,"Hybrid 46",".45",".308",610.04,149.69,142.32,78.93,131.92,131.00,144.67,137.19,130.98,25.59,122.14,121.44,146.99,137.33,131.16,22.21,120.91,120.65,5,17.42,7.95,1.58
Day1,TBAC,"Fly 45 Long",".45",".308",498.99,147.94,140.47,67.73,130.60,129.04,113.72,135.10,130.35,17.66,118.92,120.03,138.74,136.82,130.69,14.98,117.49,119.97,5,8.95,8.36,1.44
Day2,Dead Air,"Primal",".45",".45-70FP",853.72,152.61,148.00,104.15,134.33,134.74,257.84,142.21,137.83,30.87,123.77,124.99,196.27,139.84,135.28,23.44,121.38,123.65,5,16.6,7.9,1.62
Day2,Griffin Armament,"Bushwacker 46",".45",".45-70FP",1006.51,154.04,149.61,193.31,139.70,135.18,226.62,141.09,136.49,66.77,130.47,126.35,185.18,139.33,134.20,43.63,126.77,123.37,5,16,7.88,1.5
Day2,SilencerCo,"Hybrid 46",".45",".45-70FP",859.09,152.66,145.51,131.43,136.35,134.21,225.61,141.05,137.81,48.39,127.67,125.80,187.90,139.46,134.55,38.20,125.62,123.89,5,17.42,7.95,1.58
Day2,TBAC,"Fly 45 Long",".45",".45-70FP",632.37,150.00,144.25,132.17,136.40,133.01,186.32,139.38,135.82,39.20,125.85,124.96,170.22,138.60,134.45,30.74,123.73,122.80,5,8.95,8.36,1.44
Day2,Dead Air,"Primal",".45",".45-70SUB",226.22,141.07,134.71,14.12,116.97,120.52,89.73,133.04,130.13,4.10,106.24,116.48,60.76,129.65,121.79,3.07,103.73,110.76,5,16.6,7.9,1.62
Day2,Griffin Armament,"Bushwacker 46",".45",".45-70SUB",188.09,139.47,131.15,20.78,120.33,118.09,97.89,133.79,129.01,3.80,105.58,116.80,60.07,129.55,122.44,3.59,105.09,110.51,5,16,7.88,1.5
Day2,SilencerCo,"Hybrid 46",".45",".45-70SUB",239.74,141.57,131.95,13.70,116.71,119.95,141.85,137.02,129.79,3.84,105.66,117.94,94.77,133.51,125.46,4.29,106.63,112.71,5,17.42,7.95,1.58
Day2,TBAC,"Fly 45 Long",".45",".45-70SUB",184.62,139.30,130.32,13.97,116.89,118.31,110.23,134.83,128.80,2.70,102.60,116.80,76.07,131.60,123.28,3.11,103.83,111.12,5,8.95,8.36,1.44
Day2,Dead Air,"Primal Keymo",".45","5.56",810.57,152.16,148.64,59.96,129.54,130.99,472.08,147.46,139.03,57.59,129.19,127.94,175.69,138.87,133.05,22.90,121.18,120.70,5,24.08,8.81,1.62
Day2,SilencerCo,"Hybrid 46",".45","5.56",603.46,149.59,143.35,87.23,132.79,130.17,516.38,148.24,138.85,56.09,128.96,127.55,146.81,137.31,133.23,27.17,122.66,121.03,5,17.42,7.95,1.58
Day2,Allen Engineering,"AEM4","6.5mm","5.56",460.60,147.25,142.02,48.16,127.63,126.08,505.57,148.06,138.53,54.57,128.72,127.51,123.54,135.82,131.67,20.73,120.31,118.34,5,20,8.4,1.5
Day3,Abel,"Theorem 30 6mm endcap","6mm","5.56",355.03,144.98,138.55,33.55,124.49,123.79,424.95,146.55,138.77,47.10,127.44,128.71,120.98,135.63,132.65,17.70,118.94,118.70,5,13.58,7.162,1.75
Day3,Abel,"Theorem L 6mm endcap","6mm","5.56",157.76,137.94,130.22,14.44,117.17,118.18,343.60,144.70,138.02,39.00,125.80,127.77,100.01,133.98,131.42,13.24,116.42,117.53,5,15.93,8.79,1.75
Day3,Abel,"Theorem S","6mm","5.56",432.40,146.70,139.31,60.40,129.60,126.23,382.36,145.63,138.32,48.56,127.70,127.83,133.68,136.50,133.13,25.27,122.03,119.97,5,10.56,5.81,1.75
Day2,SilencerCo,"36M Long","9mm",".308",378.12,145.53,138.95,40.80,126.19,126.50,78.20,131.84,125.40,10.71,114.58,115.39,98.44,133.84,127.36,8.60,112.67,116.22,5,20.08,7.885,1.575
Day1,YHM,"R9","9mm",".308",657.94,150.34,142.41,76.32,131.63,130.61,150.38,137.52,131.27,19.66,119.85,120.52,123.60,135.82,130.02,17.68,118.93,119.40,5,10.78,5.477,1.565
Day2,SilencerCo,"36M Long","9mm","5.56",327.60,144.29,135.78,40.40,126.11,124.24,426.43,146.58,137.97,42.09,126.46,127.60,108.06,134.65,130.32,14.50,117.21,118.14,5,20.08,7.885,1.575
Day2,Yankee Hill,"R9 Phantom QD","9mm","5.56",538.01,148.60,142.80,78.41,131.87,129.74,396.97,145.95,139.09,53.95,128.62,127.64,160.54,138.09,132.16,26.18,122.34,120.26,5,16.03,6.515,1.565
Day3,Rugged,"Obsidian 9 Full","9mm","9mm",152.01,137.62,129.29,10.01,113.99,114.58,175.25,138.85,137.21,9.18,113.24,123.84,62.94,129.96,125.75,3.05,103.66,112.24,5,13.33,7.83,1.375
Day3,SilencerCo,"Omega 9K","9mm","9mm",235.99,141.44,134.45,16.21,118.18,117.71,176.39,138.91,132.23,8.03,112.07,119.41,53.70,128.58,121.84,4.06,106.15,109.79,5,8.51,5,1.48
Day3,TBAC,"Fly 9 long","9mm","9mm",101.95,134.15,126.81,5.44,108.69,114.39,176.89,138.93,137.38,7.30,111.25,125.14,49.17,127.81,126.06,2.79,102.89,113.92,5,7.9,7,1.39
Day3,Dead Air,"Mojave 9 Full Keymo","9mm","9mm-CZ",104.46,134.36,126.25,5.88,109.37,112.09,719.86,151.12,146.98,24.96,121.92,129.15,165.94,138.38,132.95,4.95,107.87,116.03,5,10.01,7.7,1.375
Day3,Dead Air,"Mojave 9 Full Keymo","9mm","9mm-MP5K",97.41,133.75,126.33,6.35,110.04,110.42,311.86,143.86,138.73,15.84,117.98,123.37,50.55,128.05,123.42,3.32,104.40,109.72,5,10.01,7.7,1.375
Day3,Resilient,"RS9","9mm","9mm-MP5K",122.72,135.76,126.22,11.85,115.46,114.04,266.99,142.51,137.10,22.00,120.83,122.66,64.05,130.11,123.90,4.89,107.77,111.11,5,13.88,7.01,1.7
Day3,Rugged,"Obsidian 9 Full","9mm","9mm-MP5K",206.52,140.28,135.36,17.94,119.06,117.26,297.33,143.44,138.24,19.16,119.63,122.40,56.97,129.09,124.00,4.69,107.40,110.67,5,13.33,7.83,1.375
Day3,SilencerCo,"Omega 9K","9mm","9mm-MP5K",330.31,144.36,138.13,30.61,123.70,122.19,314.46,143.93,137.60,19.39,119.73,123.41,64.10,130.12,124.37,7.94,111.97,112.88,5,8.51,5,1.48
Day3,TBAC,"Fly 9 Long","9mm","9mm-MP5K",110.78,134.87,125.41,11.11,114.90,112.49,237.14,141.48,137.14,21.58,120.66,122.37,58.51,129.32,124.05,5.58,108.92,110.58,5,8.53,6.78,1.39
Day3,YHM,"R9","9mm","9mm-MP5K",174.47,138.81,130.31,15.58,117.83,116.23,311.15,143.84,138.70,27.21,122.67,123.80,56.81,129.07,123.82,6.54,110.30,110.69,5,10.78,5.477,1.565
Day3,YHM,"R9 Phantom","9mm","9mm-MP5K",100.39,134.01,127.34,10.11,114.08,113.37,269.60,142.59,137.86,24.00,121.58,122.48,53.33,128.52,124.06,6.00,109.54,110.88,5,16.03,6.515,1.565
Day3,Rugged,"Obsidian 9 Full","9mm","9mmSTTH",64.59,130.18,122.55,5.70,109.10,109.13,90.87,133.15,129.37,4.07,106.18,113.99,32.87,124.32,119.79,1.15,95.21,104.04,5,13.33,7.83,1.375
Day3,SilencerCo,"Omega 9k","9mm","9mmSTTH",105.40,134.44,127.86,6.21,109.84,111.69,107.17,134.58,129.04,4.20,106.44,114.15,46.29,127.29,119.36,1.53,97.67,104.34,5,8.51,5,1.48
Day3,TBAC,"Fly 9 Long","9mm","9mmSTTH",48.20,127.64,121.87,3.64,105.20,108.51,90.89,133.15,130.61,4.06,106.15,116.11,34.54,124.75,121.20,0.88,92.90,105.97,5,7.9,7,1.39
Day3,Dead Air,"Mojave 9 Full Keymo","9mm","9mmSTTH-CZ",57.77,129.21,120.26,4.19,106.41,108.16,247.84,141.86,138.29,10.53,114.43,123.21,54.61,128.72,123.67,2.27,101.08,110.41,5,10.01,7.7,1.375
Day3,Dead Air,"Mojave 9 Full Keymo","9mm","9mmSTTH-MP5K",43.89,126.83,120.34,3.67,105.27,107.38,196.94,139.87,134.15,10.01,113.99,118.33,28.95,123.21,119.52,2.18,100.73,105.65,5,10.01,7.7,1.375
Day3,Resilient,"RS9","9mm","9mmSTTH-MP5K",85.57,132.63,125.22,7.06,110.96,111.16,228.42,141.15,135.36,14.31,117.09,119.74,47.42,127.50,120.92,3.29,104.33,106.98,5,13.88,7.01,1.7
Day3,Rugged,"Obsidian 9 Full","9mm","9mmSTTH-MP5K",138.60,136.81,130.63,9.73,113.74,112.76,201.23,140.05,134.99,12.43,115.87,119.36,40.92,126.22,120.53,3.15,103.94,107.17,5,13.33,7.83,1.375
Day3,SilencerCo,"Omega 9k","9mm","9mmSTTH-MP5K",302.94,143.61,136.92,28.09,122.95,121.25,245.06,141.76,137.69,20.91,120.39,123.24,66.85,130.48,123.70,7.66,111.67,112.21,5,9.19,4.83,1.475
Day3,TBAC,"Fly 9 Long","9mm","9mmSTTH-MP5K",73.56,131.31,123.10,6.85,110.69,109.90,250.87,141.97,135.57,16.24,118.19,119.88,41.42,126.32,120.54,3.76,105.47,107.62,5,8.53,6.78,1.39
Day3,YHM,"R9","9mm","9mmSTTH-MP5K",127.94,136.12,127.56,9.13,113.19,112.16,241.33,141.63,135.24,16.01,118.07,120.80,44.38,126.92,121.36,3.74,105.45,108.53,5,10.78,5.477,1.565
Day3,YHM,"R9 Phantom","9mm","9mmSTTH-MP5K",55.02,128.79,121.11,5.72,109.13,108.16,248.86,141.90,135.22,16.48,118.32,119.70,36.90,125.32,120.47,3.98,105.97,107.33,5,16.03,6.515,1.565
Day3,TBAC,"Kurtis Clap","hand","hand",16.74,118.45,115.36,0.64,90.16,100.52,11.14,114.92,114.83,0.19,79.57,98.78,8.93,113.00,112.27,0.25,81.76,94.96,5,2800,72,
