#,Manufacturer,Model,Weight (oz),OAL (in.),Max Dia. (in.),
,,,,,,
,AAC,JAEGER 30,12.21,9.282,1.47,
,AAC,MK-13SD,18.06,9.51,1.5,
,AAC,RANGER 5,21.8,7.034,1.5,
,AAC,RANGER 5 MINI,19.39,6.355,1.5,
,AAC,RANGER 7,23.62,7.958,1.495,
,AAC,RANGER 7 MINI,20.42,6.615,1.5,
,AAC,Titan QD,22.4,10,1.85,
,AB SUPPRESSORS,A10,12.01,7.257,1.62,
,AB SUPPRESSORS,RAPTOR,15.22,10.5,1.625,FULL LENGTH
,AB SUPPRESSORS,RAPTOR,15.22,7.5,1.625,FORWARD OF MOUNT
,ABEL COMPANY,THEOREM,13.58,7.162,1.75,
,ABEL COMPANY,THEOREM-L 30,15.93,8.79,1.75,
,ABEL COMPANY,THEOREM-S 30,10.56,5.81,1.75,
,AERO,LAHAR-30,16.74,6.11,1.585,
,AERO,LAHAR-30K,14.11,5.09,1.585,
,AERO,LAHAR-30L,21.03,7.635,1.585,
,Allen Engineering,AEM4,20,8.4,1.5,
,Allen Engineering,AEM5,21,8.8,1.5,
,Allen Engineering,AEM5 .30,21,8.8,1.5,
,CGS,Hekate,18.05,10.85,1.75,
,CGS,HELIOS DT,10.67,6.388,1.75,
,CGS,HYPERION,15.73,9.625,1.75,
,CGS,HYPERION K,10.46,6.415,1.75,
,DANIEL DEFENSE,SOUNDGUARD 30,23.99,7.217,1.748,
,DANIEL DEFENSE,SOUNDGUARD 30 TI,15.02,7.93,1.745,
,DANIEL DEFENSE,SOUNDGUARD 556,23.89,7.215,1.75,
,DEAD AIR,MOJAVE 9 W/KEYMICRO,10.01,7.7,1.375,
,DEAD AIR,NOMAD 30 W/KEYMO,20.24,7.75,1.633,
,Dead Air,Nomad LT E-Brake .375 endcap,19.79,10.755,1.64,
,DEAD AIR,NOMAD LT W/KEYMO,18.19,9.555,1.64,
,Dead Air,Primal,16.6,7.9,1.62,
,Dead Air,Primal w/Keymo,24.08,8.81,1.62,
,DEAD AIR,SANDMAN S W/KEYMO,20.58,7.053,1.49,
,DEAD AIR,SIERRA 5 W/KEYMO,19.97,6.44,1.55,
,DEAD AIR,WOLVERINE W/KEYMO,29.87,8.65,1.965,
,DILLIGENT,ENTICER L TI,10.93,8.555,1.61,
,DILLIGENT,ENTICER S TI,9.52,7.175,1.615,
,ENERGETIC ARMAMENT,ARX,9.14,5.775,1.54,
,ENERGETIC ARMAMENT,FEROX 556,12.13,6.053,1.615,
,ENERGETIC ARMAMENT,LUX 762,9.89,7.805,1.54,
,ENERGETIC ARMAMENT,LUX 762,9.89,7.805,1.54,
,ENERGETIC ARMAMENT,PEAK 30,11.89,6.34,1.54,
,ENERGETIC ARMAMENT,VOX S,12.24,6.282,1.54,
,GRIFFIN,A25-QD,22.21,7,1.5,
,GRIFFIN,DUAL-LOK 556,15.16,6.485,1.5,
,GRIFFIN,EXPLORR,14.4,6.34,1.5,
,GRIFFIN,HRT 556,18.01,6.125,1.53,
,GRIFFIN,HRT 762,21.08,7.7,1.5,
,GRIFFIN,M4SDK,19.06,5.065,1.515,
,GRIFFIN,RECCE 5K,16.89,5.759,1.52,
,Griffin Armament,Bushwacker 46,16,7.88,1.5,
,GUNWERKS,6IX,12.55,6.16,1.49,
,GUNWERKS,8IGHT,18.59,8.19,1.74,
,HUXWRX,FLOW 556K,15.24,5.75,1.6,
,HUXWRX,FLOW 762TI,14.91,6.9,1.8,
,Huxwrx,HX-QD 7.62,19.4,7.45,1.62,
,JK ARMAMENT,155 RCX,13.24,8.15,1.55,
,JK ARMAMENT,155 SBRX 30,13.22,6.165,1.55,
,NOSLER,SR-30TI,13.16,8.48,1.74,
,OTTER CREEK LAB,HYDROGEN L,13.93,9.365,1.61,
,OTTER CREEK LAB,HYDROGEN S,11.09,7.47,1.61,
,OTTER CREEK LAB,POLONIUM,15.78,6.365,1.61,
,OTTER CREEK LAB,POLONIUM K,13.71,5.32,1.61,
,Q,THUNDER CHICKEN,16.51,8.215,1.74,
,Q,TRASH PANDA,13.84,7.04,1.74,
,RADICAL,CS-5,18.03,5.557,1.78,
,RADICAL,LS3,22.71,8.24,1.6,
,RADICAL,LS5,25.2,7.805,1.75,
,RADICAL,SASS,27.04,8.505,1.75,
,RESILIENT,JOLENE,10.71,9.087,1.61,
,RESILIENT,RS9,13.88,7.01,1.7,
,RUGGED SUPPRESSORS,MICRO 30,18.07,6.735,1.495,
,RUGGED SUPPRESSORS,OBSIDIAN 9,13.33,7.83,1.375,
,RUGGED SUPPRESSORS,RADIANT 762,15.71,7.89,1.53,
,RUGGED SUPPRESSORS,RAZOR 556,16.45,6.72,1.485,
,SIEGE,ROC 556,17.95,7.675,1.495,
,SIEGE,STRATA 762,17.58,7.68,1.495,
,SIG,SLH 762,24.75,7.827,1.67,
,SIG,SLX 556,22.58,7.645,1.67,
,SIG,SLX 762,22.56,7.74,1.67,
,SILENCER CO,OMEGA 36M,20.08,7.885,1.575,
,SILENCER CO,OMEGA 9K W/3-LUG,9.19,4.83,1.475,
,SILENCER CO,OMEGA300,19.27,7.1,1.565,
,SILENCER CO,OMEGA300 W/ANCHOR BRAKE,19.34,8,1.565,
,SILENCER CO,VELOS LBP,23.13,7.01,1.735,
,SilencerCo,Hybrid 46,17.42,7.95,1.58,
,SilencerCo,Omega 9K,8.51,5,1.48,
,SUREFIRE,SOCOM556-RC2,19.99,6.465,1.5,
,SUREFIRE,SOCOM762-RC2,23.76,8.43,1.5,
,TBAC,Kurtis ,2800,72,,
,THUNDERBEAST,338 Ultra,21.3,10.4,1.8,
,THUNDERBEAST,DOMINUS K-SR,15.28,5.465,1.8,
,THUNDERBEAST,DOMINUS-CB,11.85,6.27,1.8,
,THUNDERBEAST,FLY 45,8.95,8.36,1.44,
,THUNDERBEAST,FLY 9,7.9,7,1.39,
,THUNDERBEAST,FLY 9 W/3-LUG,8.53,6.78,1.39,
,THUNDERBEAST,Magnus 375,18.4,9.5,1.8,
,THUNDERBEAST,MAGNUS-CB,16.76,9,1.8,
,THUNDERBEAST,ULTRA 5,8.03,5.015,1.45,
,THUNDERBEAST,ULTRA 7,10.06,7.01,1.45,
,THUNDERBEAST,ULTRA 9,11.96,9.01,1.45,
,YHM,FAT CAT,14.44,4.533,1.94,
,YHM,Fat Cat on Phantom,19.69,5.57,1.94,
,YHM,R9 DIRECT THREAD,10.78,5.477,1.565,
,YHM,R9 W/PHANTOM QD,16.03,6.515,1.565,
,YHM,RESONATOR K,16.1,6.182,1.565,
,YHM,RESONATOR R2,19.86,8.28,1.565,
,YHM,Resonator R2 Phantom,25.11,9.32,1.565,
,YHM,TURBO K-RB,15.74,5.96,1.565,
,YHM,TURBO T3,17.54,6.9,1.565,
